0,0.48877388,-0.018158283,-1.9715754,1.4022735,-0.71684587,1.6818461,0.42651796,1.7634923,-0.115569696,0.06973958,-0.7036594,-0.8642328,0.4897392,0.9216251,0.3039699,1.0653579,0.24111988,-1.1522909,0.3144871,0.22558169,-0.70393014,-0.5057639,-0.684846,-0.41300413,0.98027164,1.2383916,-0.86431843,-0.167639,0.43284777,-2.2081542,-1.1232779,0.70724314,-1.1586491,1.6649091,-0.26210594,0.89875114,0.923742,0.7648573,-0.9961772,-0.29343015,-0.40632626,-0.46749043,-0.6213157,-0.4996056,0.23443438,-0.53405404,1.4956363,-1.5411942,1.0833014,-0.10878351,-1.0565823,-0.40887648,0.2295873,0.24918036,0.75943863,-1.3634323,-0.14892195,0.97101444,-0.47624645,-0.1738661,0.3385743,-1.3771454,0.4924712,-0.112935275,1.2344215,-1.8598608,0.556804,0.09685549,-0.00836523,-1.5336748,0.87436384,-0.71836674,1.8735541,-2.02213,1.3088906,-1.0729072,0.7301538,1.2902844,-0.09444249,-0.16281956,0.44509336,0.26020697,-0.3487653,0.45113108,1.4359359,0.717007,-0.4828575,-0.08251039,-0.5898339,1.3890855,-0.32572594,-0.8245027,-1.3935214,-0.7024042,0.1684347,2.500975,0.28190905,-0.5512254,1.4462099,-0.15781485
4chan,2.4365232,8.609644,0.41462722,4.0098953,-2.5424535,-8.319585,8.513368,1.0171952,-0.10333131,8.291701,-13.11986,0.346204,11.714343,2.6015074,-0.99263835,-4.758754,2.9418552,-8.09604,3.201607,-3.9205344,-9.11581,1.4044644,2.1220806,-7.4609375,7.796491,-0.14857435,-0.6533447,-2.139759,0.21053651,0.31372142,5.484942,2.568246,6.0570474,-0.12544681,3.3498535,-3.4355173,3.8751423,-1.8147403,3.1643372,6.3306966,-0.327477,4.033615,-2.3001397,-0.27673823,-2.0415063,2.226007,0.6610618,2.944576,3.3288858,0.17347962,-0.62209934,0.20417608,4.3882136,3.538662,3.2672062,5.0083303,-5.7485065,-8.744351,3.2269604,-3.2723198,6.126982,-1.8141824,-1.5760474,7.04734,-3.6497958,3.2060292,5.2224994,5.2004647,-5.8502226,-1.0299463,4.022526,-2.3767056,-1.1733283,7.039457,-4.790647,0.7506905,1.4406247,2.2248583,-0.81341505,-1.3496647,-0.113081336,1.400314,-1.1651812,-3.6985972,2.8446517,9.73426,0.88171804,5.2853036,3.373586,2.695018,0.35413462,-3.8473327,-5.0930777,9.351394,-5.2071123,2.3566232,2.1864645,5.416624,-4.4876366,-1.1740757
BlackPeopleTwitter,8.543578,0.31662568,4.9604254,5.9523187,-2.4516385,-3.034806,4.271372,0.8525514,0.05152086,8.744678,-6.865604,1.0887263,5.227511,-1.8458283,2.5270545,-7.8202257,7.4365525,-0.81161803,5.2456713,0.2545285,-0.7095875,2.0554366,-5.9198117,-3.8870878,4.234698,-2.1233444,3.6755013,-4.980522,1.7403784,-6.63563,-1.7352687,-1.1335151,9.397439,2.5177062,0.15159625,-4.2913365,6.6924863,-5.527474,-1.165926,7.3992305,-4.1452947,0.16447249,-4.882651,-4.874428,0.043001365,-2.2515092,-1.2263086,0.65451634,1.1435747,1.7287426,-0.30118048,3.874584,2.5128222,-3.7256198,0.07048619,4.7028723,1.0051298,-3.2716386,1.454081,2.2290685,3.05917,-3.177109,-11.361889,8.409371,-2.3470204,0.012264413,1.6954967,-1.2312094,0.06374048,-4.9658647,2.3645527,-1.2861638,2.5041158,-0.32685214,-5.5920258,7.635724,3.6398327,2.9638586,8.282407,-1.3182164,-4.4917917,6.336487,3.0340223,-7.826296,10.01943,9.715825,-0.65419775,3.8947783,-0.044791628,-0.017121429,-1.0113007,-8.744919,-3.6168046,5.6581116,3.1315982,8.012817,0.12180581,2.5720527,-5.017627,-4.02643
Feminism,4.3253036,3.2908726,0.7107297,5.6648817,-0.67618096,-7.9033084,1.4880258,-5.0950966,-4.085068,7.9643908,-3.8239908,1.8021084,5.6704364,-1.3922733,-4.382985,0.75952274,8.502219,-6.6216917,4.7885084,4.3517027,2.9078305,0.5464377,0.35586283,-0.49017388,2.5068653,1.8634781,-1.1677697,-0.24153347,6.711911,3.1809862,5.0090775,0.21767652,2.0496933,5.2636986,1.1151897,-5.7065306,0.7861625,-3.2571573,-3.2821295,6.5597734,-0.43478584,4.60144,0.9815612,1.2958527,-5.765269,1.0225478,-0.5969029,-0.36391294,5.9844832,2.5939486,1.7995982,4.9190917,-2.5927885,0.014852894,4.7276897,1.9329683,2.627531,-2.5216932,1.0186105,-6.137586,6.790223,0.33863094,-5.3009496,1.0032898,-2.0722604,-1.5869972,5.184232,2.728596,-7.2560716,3.7341897,2.579502,0.4800386,-4.4629807,-3.4155626,-6.199713,0.49638894,4.4290314,5.862102,-0.939052,-5.5730824,-4.2830386,5.7695284,4.388801,-10.517465,5.4317293,13.562288,3.9842813,5.5630994,1.6222639,-0.8475388,2.0440917,-3.606221,0.98339427,11.221957,0.82694525,3.6313105,4.4373565,6.7120595,-2.259148,-10.203306
announcements,5.7925644,1.4547347,2.093849,4.7886667,-0.45017132,0.9862178,0.62201804,0.6018557,-4.590862,-3.0598202,2.8945098,-2.8492794,3.5070815,1.9561875,-2.8313475,-2.7547235,0.10397551,-0.8002678,2.184172,0.7149387,-2.4434927,-1.2987194,-7.6250644,-9.388431,2.9023428,2.407763,-1.2533402,-2.2763414,0.23684324,-5.178288,6.2513466,0.83106863,2.7480528,-3.686433,0.9616787,1.8145218,2.5524452,-5.709703,0.8952012,1.8682866,1.5981137,3.9783146,3.140615,0.81487644,-5.8112173,1.9389215,-1.7079349,0.8378955,6.6004167,-4.434008,-1.2770101,0.13412157,8.027919,-2.365297,-1.6728145,6.3231792,-2.2049048,-6.8272686,-1.1837536,-5.5710936,1.6732001,-2.1597745,-9.778373,5.4959593,-8.128662,2.144043,6.389356,6.6807256,-8.545185,0.792845,4.6343093,-3.7871826,-4.0641456,1.6195073,-8.497346,7.7220287,8.7373495,11.485611,8.501531,-3.6777585,-4.2913246,2.1527386,3.433937,-4.41758,6.5953674,10.260876,0.13136975,9.391761,3.307829,-0.55733913,5.39679,-6.420011,-3.010754,4.671893,-4.4354186,1.3941945,0.17730145,4.4161224,-3.0383258,1.8637987
atheism,1.870983,7.4094024,3.37756,5.702635,1.2377968,-10.595434,4.8188953,-5.152098,-3.6223357,3.675093,-9.584738,-3.2163484,3.9253447,-0.6308346,0.3988493,-0.27109018,-1.0994753,4.333608,5.392465,1.6266702,0.6180324,-1.6279249,1.4954524,-6.457164,-0.32091793,-2.48411,0.7801621,-6.629652,3.5940433,-0.9997022,2.4292057,-0.5212045,9.879561,-3.968036,7.4722033,1.0899092,5.740726,-1.7052528,1.6209605,-2.7158914,0.6284812,3.6215012,-1.8639452,-5.9882693,-4.363859,1.7960054,4.915928,2.2043803,8.549827,-4.285281,1.6938629,1.1227012,2.0238051,-1.1288792,3.8593981,4.353144,-1.4903965,-5.043886,0.5175896,-8.913458,7.2650228,2.6339097,-5.9305973,3.8587537,-4.1625714,0.8383867,7.300569,-0.7775394,-3.5481038,5.170726,4.037879,2.9729478,0.7007535,-5.789949,-9.025592,-1.5338092,3.4316378,1.5072715,2.769853,-4.605134,-4.3415213,6.624637,0.13630687,-5.0215435,3.53845,6.744913,6.2460084,3.8319402,6.058494,0.8042948,1.4354043,-5.400049,-8.757702,0.9384536,-1.923396,1.5484203,-3.9310772,11.64634,-0.77242285,-7.2610226
cringepics,5.857587,8.042653,0.94229263,6.687893,-2.02158,-6.1027746,9.259978,-3.5984461,-4.4645014,5.8937054,-1.6483141,1.5661845,3.6094642,3.0175042,-2.691834,-1.0015988,2.9199524,3.1656713,0.025185838,-2.2431178,-4.6497946,3.884956,-0.6758959,-4.370435,7.8035207,-3.1243925,-0.32382202,-3.8820488,7.1467776,-4.574322,0.19395998,1.3876922,-0.2504785,-1.5655137,3.3053548,-2.365542,9.161488,0.14771596,6.5755806,5.101348,0.5016712,2.1461306,-4.198435,-0.22318318,-3.5278018,2.5780923,2.0946226,0.3271676,5.2581573,-1.7202122,1.3666074,1.9912236,5.073329,-2.0865066,7.1004734,2.4181795,3.7791271,-3.2594779,0.24540222,-2.8539138,8.865832,-1.5326265,-6.5271406,1.5023259,-3.0907228,6.558198,1.2084107,4.5633807,-4.890507,-3.9166067,-0.09822618,-6.3142195,-5.3335824,-1.5503216,0.73004335,3.933116,8.484231,7.822922,0.7218253,0.8051386,-2.4078436,5.7902665,2.4308095,-8.141789,4.3125563,5.5729465,0.22775804,4.279579,3.0413284,1.1163001,3.0507305,-0.95476705,1.7240561,-1.5374051,-4.2563066,1.0202135,3.3419836,2.1017623,-5.641689,-6.75971
leagueoflegends,3.1947348,7.8743305,4.3356075,2.919323,1.7330287,-3.202478,0.757462,2.7518783,-6.0153675,3.114606,-5.335232,-3.5068247,5.8801146,-5.70787,-4.302034,2.6346467,5.8201904,-3.1074781,9.936017,0.048166826,-2.096671,-1.5428847,-0.113603994,-8.69303,8.709178,-3.2674882,-0.4132239,-2.8545516,12.02534,-7.9385796,4.793456,1.1477014,7.492286,4.1310863,9.912992,1.6718715,0.05870995,-8.4137535,-2.4735065,3.5577385,-0.95832825,0.31380025,-10.897814,-2.605184,-2.5450768,-4.948954,1.5245717,-2.5136483,7.001645,-1.1410267,-0.39579526,6.5522723,-0.20871407,-6.0124774,-1.755647,5.6951685,3.705192,-6.4910865,-10.055359,-7.8190475,0.9028859,3.2840855,2.5167096,5.702617,-1.6303705,1.70067,3.512991,4.6602407,-12.894159,-4.4021173,5.1206045,-0.35113254,0.8609792,-3.6908367,-3.179206,0.7943323,7.003386,0.926122,-4.490698,-1.000833,-2.192028,0.14315322,2.3970497,-3.9995115,8.912873,7.9294453,2.3362186,10.260934,-0.53688604,3.6152272,1.2761645,-3.1030982,-0.6819264,5.4659576,-4.550952,0.53522027,-0.9192592,-4.3030868,-2.3293037,-0.953626
politics,-2.299539,-1.8482274,0.12920213,2.5437431,-1.2406082,-2.8742697,3.9880884,-3.9157581,-1.728449,2.9700863,-7.7403817,-0.30138385,3.1463377,-3.7892857,-0.12611935,-2.159728,4.2122436,-3.2899516,7.07735,5.074713,-1.415971,2.0244498,-5.1355195,-4.5388613,1.3367424,-4.6315804,6.3645124,1.3599095,4.1308284,-3.300954,1.056217,0.47743642,2.999616,-2.7843568,1.0947188,-3.0388947,10.10013,-2.3482318,2.5142164,6.3319573,4.713624,0.85666794,-2.9960687,-3.851955,0.8923625,1.0753744,-3.7959862,2.708623,7.1598034,2.9777336,0.78944606,0.28907537,-0.31957328,4.939989,5.345314,10.716549,-1.840563,-2.355676,4.8453207,-5.5089717,8.23822,3.8082201,-3.4658308,13.377837,-9.681554,3.8726041,4.055479,2.0650408,-9.595618,-1.0842848,4.035835,-6.0822067,-1.8095534,-2.337022,-1.4866976,5.1754456,7.8297725,6.484086,1.7203948,-1.4245715,-4.1332583,3.1920736,-2.5735488,0.288681,6.6909385,10.53236,-3.7086425,2.5727458,-0.10589843,0.82903385,4.9371815,-4.3463674,-6.8161716,0.7850366,-4.931837,1.0314485,-6.448128,1.9892848,-1.7601552,-3.6060984
thedonald,2.3140628,0.22859488,0.061508443,2.7911336,-5.5305443,-6.444267,9.205763,-2.3447084,0.80614626,2.5075192,-1.573536,-4.1600704,6.2835674,-1.8241028,-1.7053363,-1.9520502,6.5737524,-4.428168,10.070949,2.7187107,-4.751334,5.0215373,-0.3291592,-3.2192183,9.438238,-3.3614414,0.94306797,-3.0781276,-3.5254552,-1.5376085,0.56507176,-4.674686,1.829299,-1.1081904,-1.7720191,-1.1277127,-1.0375606,-2.7668512,-1.9584678,5.550843,-1.9749879,2.2604687,0.52491575,-4.970771,0.8583984,-4.159716,0.20479153,1.4630009,6.308739,5.2947006,-0.28147772,7.5121894,3.2057571,-1.4515638,6.288752,0.9784222,-0.6641547,-4.084419,2.8620515,-7.666762,3.616204,3.081578,-5.150448,4.28099,-4.0207887,3.4036083,4.128736,1.4945728,-10.403578,-0.3576556,-0.108170114,-0.98323834,-4.4589796,3.7627325,-3.0769935,4.887281,6.9322824,-0.3943178,0.73372483,-1.0683724,0.9028552,7.9491606,3.8349082,-4.372309,-1.3378975,4.976806,3.9845111,1.2156681,2.8334446,3.0039012,3.7347383,-7.083411,-4.0314026,-1.4903225,-4.724206,0.22914712,-4.331648,2.7990139,-1.5201703,-3.3590567
ukpolitics,3.7345817,5.676334,-1.538785,2.2108848,1.0878483,-2.9469094,-5.4330926,-3.2979543,0.057429973,6.493812,-5.966624,0.35971957,1.2866751,-3.493057,1.2373474,2.1354663,3.2076936,1.175313,2.7635837,-2.3312495,-1.2569314,1.7876267,3.3887956,1.886193,4.901147,-2.3901746,-2.7961726,-1.3893417,-0.1608681,-1.2255896,5.6167226,-2.9682019,6.158737,-0.55116844,-1.2456908,-7.553005,3.5010355,-3.4072278,2.543859,3.0717936,-0.118395396,0.5306751,-8.217738,-9.917026,1.3668636,7.4152055,-2.39118,1.7236168,5.717502,2.5033927,-0.9733183,2.6411707,-0.3718388,2.0299628,-0.83297765,1.3530389,-2.6827683,-9.867421,-0.05412592,-4.24768,8.886999,-1.6359524,-11.387253,12.510591,-6.133978,5.1545143,3.7647786,6.2175546,-7.6328187,-1.9025358,-1.766674,-3.531869,-5.484432,3.6720319,-5.8563304,4.9095635,5.0315347,8.422208,5.1938014,3.2258952,1.6739514,6.0834684,0.2188579,-5.999492,8.440339,12.745746,0.8557275,9.864751,2.2063327,5.3353043,1.4272343,-6.048837,-1.7006834,-0.1358609,-1.4054421,3.9534433,0.5399611,2.8928192,-2.2034886,-3.2505395
